NRE No,Owner,Request date.,Item ,Code item,Aplication reason / Area,Operation,Customizer,Brand ,Model,Picture,Status,New or replace,Qty required,Quotation Unit Price (MX),Total amount (MX),MX total + IVA,Amount (USD),Total + IVA USD,Owner approval,MFG approval date,Purchase Format,Status,Arrived date
ZL25011401,Jonas Navarro,01/14/2025,Corner cutting machine 1 Maintenance,N/A,POC,Preventive Maintenance,MAKINE,N/A,N/A,N/A,Approved,Service,1,14238,14238,16516.08,#REF!,#REF!,Liam / Kevin,01/14/2024,Yes,Arrived,02/10/2024
ZL25011501,Jesus Muro,01/15/2025,ESD TESTER,N/A,All areas,Calibration,Micropresicion,OHM METRICS,PDT700,N/A,Approved,Service,1,2363.438094,2363.438094,2741.58818904,115,133.4,Liam / Kevin,01/15/2024,Yes,Arrived,02/28/2024
ZL25011502,Jesus Muro,01/15/2025,ESD TESTER,N/A,All areas,Calibration,Micropresicion,OHM METRICS,PDT700,N/A,Approved,Service,1,2363.438094,2363.438094,2741.58818904,115,133.4,Liam / Kevin,01/15/2024,Yes,Arrived,02/28/2024
ZL25011503,Jesus Muro,01/15/2025,TORQUE ANALIZER,N/A,All areas,Calibration,Micropresicion,HIOS,HP-100,N/A,Approved,Service,1,2363.438094,2363.438094,2741.58818904,115,133.4,Liam / Kevin,01/15/2024,Yes,Arrived,02/28/2024
ZL25011504,Jesus Muro,01/15/2025,"SURFACE RESISTIVITY
METER",N/A,All areas,Calibration,Micropresicion,ACL STATICIDE,ACL380,N/A,Approved,Service,1,2363.438094,2363.438094,2741.58818904,115,133.4,Liam / Kevin,01/15/2024,Yes,Arrived,02/28/2024
ZL25011505,Jesus Muro,01/15/2025,Cable reference,N/A,All areas,Calibration,Micropresicion,N/A,N/A,N/A,Approved,Service,1,3391.019874,3391.019874,3933.58305384,165,191.4,Liam / Kevin,01/15/2024,Yes,Arrived,02/28/2024
ZL25011506,Jesus Muro,01/15/2025,Scale,N/A,All areas,Calibration,Micropresicion,Ohaus,Defender T32XW,N/A,Approved,Service,1,3802.052586,3802.052586,4410.38099976,185,214.6,Liam / Kevin,01/15/2024,Yes,Arrived,02/12/2024
ZL25011507,Jesus Muro,01/15/2025,"Tapete Adhesivo
 Desechable,Az,24plAn,PQ4",N/A,ATO,EPA,Grainger,N/A,"e,Az,24plAn,PQ4",,Approved,New,10,2254.5,22545,26152.2,1096.99298093822,1272.51185788833,Liam / Kevin,02/05/2024,Yes,Arrived,02/10/2024
ZL25012001,Jonas Navarro,01/20/2025,Rocket Sealed Air Equipment,N/A,POC,Packaging,Empaques Empil Ilimitados,N/A,N/A,N/A,Approved,Service,1,3000,3000,3480,#REF!,#REF!,Liam / Kevin,01/20/2025,Yes,Arrived,02/01/2024
ZL25020501,Juan Mata,02/05/2025,Switch Ethernet,N/A,Switch replacement,IT,IKP,TP-Link,"TL-SG3428XMP Gigabit, 24 PoE+ 10/100/1000Mbps ports + 4 SFP+ ports, 128 Gbit/s, 16,000 entries - Manageable	",,Approved,New,3,8595,25785,29910.6,#REF!,#REF!,Liam / Kevin,02/05/2025,Yes,Arrived,02/27/2025
ZL25021001,Jesus Muro,02/10/2025,XLR connectors ,N/A,Replaece damage conections on ATO production lines ,Maintenance,OKNALB,N/A,XLR,,Approved,New,4,803.39,3213.56,3727.7296,#REF!,#REF!,Liam / Kevin,02/10/2025,Yes,Arrived,03/05/2025
ZL25021002,Juan Mata,02/10/2025,Replacement Battery 	,N/A,Laptops:  ASUS A407UA-BV395R,Maintenance,IKP,N/A,A31N1719,,Approved,Replace,10,860,8600,9976,#REF!,#REF!,Liam / Kevin,02/10/2025,Yes,Arrived,03/05/2025
ZL25021101,Cesar Gutierrez,02/11/2025,Cable cutting pliers,N/A,Warehouse,Cable cutting,IKP,Urrea,U1-289G,,Approved,New,5,412,2060,2389.6,#REF!,#REF!,Liam / Kevin,02/11/2025,Yes,Arrived,03/05/2025
ZL25020701,Jesus Muro,02/07/2025,Scale Braunker,EC7809,All areas,Calibration,Micropresicion,Braunker,GSE-350	,,Approved,Service,1,3771.26,3771.26,4374.6616,#REF!,#REF!,Liam / Kevin,02/07/2025,Yes,Arrived,02/12/2024
ZL25020702,Jesus Muro,02/07/2025,Wifi Scale,N/A,All areas,Calibration,Micropresicion,MONOLITHLOT,MTS-6000Plus,,Approved,Service,1,6013.63,6013.63,6975.8108,#REF!,#REF!,Liam / Kevin,02/07/2025,Yes,Arrived,02/12/2024
ZL25020703,Jesus Muro,02/07/2025,Wifi Scale,N/A,All areas,Calibration,Micropresicion,MONOLITHLOT,MTS-6000Plus,,Approved,Service,1,6013.63,6013.63,6975.8108,#REF!,#REF!,Liam / Kevin,02/07/2025,Yes,Arrived,02/12/2024
,Cesar Gutierrez,02/07/2025,Wifi flexometer,N/A,POC,Weight & sizes,"Monolith Electric (Changzhou) Co.,Ltd.",Monolith Electric,MIT-2033,,Cancelled,New,2,,,,686,1372,,,,Cancelled,
ZL25022501,Cesar Gutierrez,02/25/2025,Ruler spare parts,N/A,POC,Maintenance,"Monolith Electric (Changzhou) Co.,Ltd.",Monolith Electric,MIT-2033,,Approved,New,5,,,,10,50,Liam / Kevin,02/25/2025,Yes,Arrived,03/14/2025
ZL25022502,Cesar Gutierrez,02/25/2025,Shipping,N/A,POC,Maintenance,"Monolith Electric (Changzhou) Co.,Ltd.",N/A,N/A,,Approved,Service,1,,,,120,120,Liam / Kevin,02/25/2025,Yes,Arrived,03/14/2025
,Cesar Gutierrez,02/25/2025,CC&VAT,N/A,POC,Maintenance,N/A,N/A,N/A,,Cancelled,Service,1,,,,964.211684210526,964.211684210526,,,,Cancelled,
ZL25022401,Jonas Navarro,02/24/2025,Electronic plastic strap cutters with spring,N/A,WAREHOUSE,Cable cutting,INKAR,N/A,N/A,,Approved,Replace,5,168,840,974.4,#REF!,#REF!,Liam / Kevin,02/24/2025,Yes,Arrived,03/27/2025
ZL25022402,Jonas Navarro,02/24/2025,Mototool accesory kit for DREMEL,N/A,TOOL MAINTENANCE,Maintenance,INKAR,N/A,N/A,,Approved,New,1,866.22,866.22,1004.8152,#REF!,#REF!,Liam / Kevin,02/24/2025,Yes,Arrived,03/27/2025
ZL25030301,Cesar Gutierrez,03/03/2025,Rocket Sealed Air Equipment,N/A,POC,Packaging,Empaques Empil Ilimitados,N/A,N/A,N/A,Approved,Service,1,3000,3000,3480,#REF!,#REF!,Liam / Kevin,03/03/2025,Yes,Arrived,03/03/2025
ZL25030302,Cesar Gutierrez,03/03/2025,Lifting piston ,N/A,Warehouse,Maintenance,OKNALB,Schnecke,B09LVPPQ1D,,Approved,New,1,1999,1999,2318.84,#REF!,#REF!,Liam / Kevin,03/03/2025,Yes,Arrived,05/01/2025
ZL25030601,Cesar Gutierrez,03/06/2025,"Rocket Sealed Air Equipment
March",N/A,POC,Packaging,Empaques Empil Ilimitados,N/A,N/A,N/A,Approved,Service,1,3000,3000,3480,#REF!,#REF!,Liam / Kevin,03/21/2025,Yes,Arrived,03/21/2025
ZL25030602,Cesar Gutierrez,03/06/2025,"RASPADOR DE MANO PARA PISOS - 4""
H-3451",H-3451,All areas,5´s,Uline,UNGER®,"4""",,Approved,New,2,682,1364,1582.24,#REF!,#REF!,Liam / Kevin,03/06/2025,Yes,Arrived,03/14/2025
ZL25030603,Cesar Gutierrez,03/06/2025,"NAVAJAS DE REPUESTO PARA RASPADORES DE 4""
PARA PISOS 10/PAQUETE",H-2583B,All areas,5´s,Uline,UNGER®,"4""",,Approved,Pkg,2,330,660,765.6,#REF!,#REF!,Liam / Kevin,03/06/2025,Yes,Arrived,03/14/2025
ZL25031001,Cesar Gutierrez,03/10/2025,Cordless Blower gun,"M0-
DUB185SFX1",Shipping,Loading,INKAR,Makita,18V DUB185SFX1,,Approved,New,1,3283.97,3283.97,3809.4052,#REF!,#REF!,Liam / Kevin,03/10/2025,Yes,Arrived,03/27/2025
ZL25031101,Cesar Gutierrez,03/11/2025,Electrical extension,N/A,Warehouse,Maintenance,INKAR,Surtek,"USO
RUDO 10 MT AMARILLO CAL. 16",,Approved,New,1,117.6,117.6,136.416,#REF!,#REF!,Liam / Kevin,03/11/2025,Yes,Arrived,03/27/2025
ZL25031102,Cesar Gutierrez,03/11/2025,Electric Multicontact ,N/A,Warehouse,Maintenance,INKAR,Urrea," 10
ENTRADAS CABLE 1200 J, 90 CM",,Approved,New,2,236,472,547.52,#REF!,#REF!,Liam / Kevin,03/11/2025,Yes,Arrived,03/27/2025
ZL25030401,Jesus Muro,03/04/2025,FLEXOMETER WIFI	,FL0101,POC,Calibration,Micropresicion,Monolith Electric,MIT- 3033	,,Approved,Service,1,#REF!,#REF!,#REF!,85,98.6,Liam / Kevin,03/11/2025,Yes,Arrived,04/01/2025
ZL25030402,Jesus Muro,03/04/2025,FLEXOMETER WIFI	,FL0102,POC,Calibration,Micropresicion,Monolith Electric,MIT- 3033	,,Approved,Service,1,#REF!,#REF!,#REF!,85,98.6,Liam / Kevin,03/11/2025,Yes,Arrived,04/01/2025
ZL25032001,Jesus Muro,03/20/2025,UV printer ink and transport service,N/A,ATO,Consumable,IndigoColor,RICOH,GEN 5/6,,Approved,Service,1,6462.75,6462.75,7496.79,#REF!,#REF!,Liam / Kevin,03/21/2025,Yes,Arrived,03/28/2025
ZL25032002,Jesus Muro,03/20/2025,Servo controller & installation service,N/A,ATO,Service,IndigoColor,Singmaker,Dominator,,Approved,Service,1,15025.38,15025.38,17429.4408,#REF!,#REF!,Liam / Kevin,03/21/2025,Yes,Arrived,03/28/2025
ZL25032501,Jonas Navarro,03/25/2025,Toner HP 30A,N/A,PRINTER Maintenance,Maintenance,IKP,HP,30A,,Approved,Pzs,5,1394,6970,8085.2,#REF!,#REF!,Liam / Kevin,03/25/2025,Yes,Arrived,03/31/2024
ZL25032502,Juan Mata,03/25/2025,Replacement Battery for UPS,N/A,TI,Maintenance,OKNALB,CyberPower,RB1290X4H,,Approved,Replace,1,15213,15213,17647.08,#REF!,#REF!,Liam / Kevin,03/25/2025,Yes,Arrived,
ZL25032701,Jesus Muro,03/27/2025,"Kit 20 Memorias Usb 16gb Rojo 2.0
Bulk 4geek Liso",N/A,ONT line,Replace,OKNALB,4geek,N/A,,Approved,Replace,1,1335,1335,1548.6,#REF!,#REF!,Liam / Kevin,03/27/2025,Yes,Arrived,03/31/2024
ZL25040301,Jesus Muro,04/03/2025,SCALE,30165,All areas,Calibration,Micropresicion,BRAUNKER,ZM301,,Approved,Service,1,#REF!,#REF!,#REF!,185,214.6,Liam / Kevin,04/03/2025,Yes,Arrived,05/01/2025
ZL25040302,Jesus Muro,04/03/2025,SCALE,30182,All areas,Calibration,Micropresicion,AVERY WEIGHT-TRONIX,ZM303,,Approved,Service,1,#REF!,#REF!,#REF!,185,214.6,Liam / Kevin,04/03/2025,Yes,Arrived,05/01/2025
ZL25040303,Jesus Muro,04/03/2025,MOISTURE AND TEMPERATURE SENSOR,30190,All areas,Calibration,Micropresicion,EXTECH,445815,,Approved,Service,1,#REF!,#REF!,#REF!,55,63.8,Liam / Kevin,04/03/2025,Yes,Arrived,05/15/2025
ZL25040304,Jesus Muro,04/03/2025,MOISTURE AND TEMPERATURE SENSOR,30191,All areas,Calibration,Micropresicion,EXTECH,445815,,Approved,Service,1,#REF!,#REF!,#REF!,55,63.8,Liam / Kevin,04/03/2025,Yes,Arrived,05/15/2025
ZL25040305,Jesus Muro,04/03/2025,SCALE,DH5927,All areas,Calibration,Micropresicion,AVERY WEIGHT-TRONIX,ZM301,,Approved,Service,1,#REF!,#REF!,#REF!,295,342.2,Liam / Kevin,04/03/2025,Yes,Arrived,05/01/2025
ZL25040306,Jesus Muro,04/03/2025,FLEXOMETER WIFI,ED4709,All areas,Calibration,Micropresicion,MONOLITHLOT,MIT- 3033,,Approved,Service,1,#REF!,#REF!,#REF!,85,98.6,Liam / Kevin,04/03/2025,Yes,Arrived,05/15/2025
ZL25040307,Jesus Muro,04/03/2025,FLEXOMETER WIFI,ED4712,All areas,Calibration,Micropresicion,MONOLITHLOT,MIT- 3033,,Approved,Service,1,#REF!,#REF!,#REF!,85,98.6,Liam / Kevin,04/03/2025,Yes,Arrived,05/15/2025
ZL25040308,Jesus Muro,04/03/2025,FLEXOMETER WIFI,ED4714,All areas,Calibration,Micropresicion,MONOLITHLOT,MIT- 3033,,Approved,Service,1,#REF!,#REF!,#REF!,85,98.6,Liam / Kevin,04/03/2025,Yes,Arrived,05/15/2025
ZL25040309,Jesus Muro,04/03/2025,WIFI SCALE,ED4983,All areas,Calibration,Micropresicion,MONOLITHLOT,MTS-6000Plus,,Approved,Service,1,#REF!,#REF!,#REF!,295,342.2,Liam / Kevin,04/03/2025,Yes,Arrived,05/01/2025
ZL25040401,Jonas Navarro,04/04/2025,Electrical extension,N/A,Warehouse,Maintenance,INKAR,Surtek,"USO
RUDO 10 MT AMARILLO CAL. 16",,Approved,New,1,117.6,117.6,136.416,#REF!,#REF!,Liam / Kevin,04/04/2025,Yes,Arrived,04/04/2025
ZL25040402,Jonas Navarro,04/04/2025,Electric Multicontact ,N/A,Warehouse,Maintenance,INKAR,Urrea," 10
ENTRADAS CABLE 1200 J, 90 CM",,Approved,New,1,236,236,273.76,#REF!,#REF!,Liam / Kevin,04/04/2025,Yes,Arrived,04/04/2025
ZL25040801,Cesar Gutierrez,04/08/2025,"Rocket Sealed Air Equipment
April",N/A,POC,Packaging,Empaques Empil Ilimitados,N/A,N/A,N/A,Approved,Service,1,3000,3000,3480,#REF!,#REF!,Liam / Kevin,04/09/2025,Yes,Arrived,04/10/2025
ZL25041001,Jonas Navarro,04/10/2025,Thermic printer head for TSC MX640P,N/A,POC,Labeling,Etytec,TSC,MX640P,,Cancelled,Replacement,1,21721.9629932376,21721.9629932376,25197.4770721556,#REF!,#REF!,Liam / Kevin,,,Cancelled,
ZL25041002,Jonas Navarro,04/10/2025,Automatic plastic wrapper Sensor diagnostic,N/A,Shipping,Packaging,CYKLOP,CYKLOP,N/A,,Cancelled,Service,1,7322.9699376,7322.9699376,8494.645127616,#REF!,#REF!,Liam / Kevin,,,Cancelled,
ZL25041501,Jonas Navarro,04/15/2025,Cable cutting maintenance,N/A,Cable Cutting,Maintenance,MACI,MACI,N/A,,Approved,Service,1,28650,28650,33234,#REF!,#REF!,Liam / Kevin,04/16/2025,Yes,Arrived,05/28/2025
ZL25042201,Juan Mata,04/21/2025,SSD 960GB,N/A,IT,Maintenance,IKP,Kingston,"A400, 960GB, SATA III, 2.5'', 7mm",,Approved,New,3,1200,3600,4176,#REF!,#REF!,Liam / Kevin,04/22/2025,Yes,Arrived,05/06/2025
ZL25042202,Juan Mata,04/21/2025,SSD 480GB,N/A,IT,Maintenance,IKP,Kingston,"A400, 480GB, SATA III, 2.5'', 7mm",,Approved,New,2,950,1900,2204,#REF!,#REF!,Liam / Kevin,04/22/2025,Yes,Arrived,05/06/2025
ZL25042203,Juan Mata,04/21/2025,SSD 240GB,N/A,IT,Maintenance,IKP,Kingston,"A400, 240GB, SATA III, 2.5'', 7mm",,Approved,New,3,715,2145,2488.2,#REF!,#REF!,Liam / Kevin,04/22/2025,Yes,Arrived,05/06/2025
ZL25042204,Juan Mata,04/21/2025,RAM MEMORY 16GB,N/A,IT,Maintenance,IKP,Kingston,"FURY Impact DDR4, 2666MHz, 16GB, Non-ECC, CL15, SO-DIMM",,Approved,New,3,1015,3045,3532.2,#REF!,#REF!,Liam / Kevin,04/22/2025,Yes,Arrived,05/06/2025
ZL25042205,Juan Mata,04/21/2025,RAM MEMORY 8GB,N/A,IT,Maintenance,IKP,Kingston,"Kingston FURY Beast Black DDR4, 3200MHz, 8GB, CL16, XMP",,Approved,New,2,697,1394,1617.04,#REF!,#REF!,Liam / Kevin,04/22/2025,Yes,Arrived,05/06/2025
ZL25042206,Juan Mata,04/21/2025,Thermal Paste,N/A,IT,Maintenance,IKP,Manhattan,"140065, -30 - 180°C, 20 Gramos",,Approved,New,1,455,455,527.8,#REF!,#REF!,Liam / Kevin,04/22/2025,Yes,Arrived,05/06/2025
ZL25042401,Jesus Muro,04/24/2025,"Tapete Adhesivo
 Desechable,Az,24plAn,PQ4",N/A,ATO,EPA,Grainger,N/A,"e,Az,24plAn,PQ4",,Approved,New,10,2254.5,22545,26152.2,#REF!,1285.65,Liam / Kevin,04/25/2025,Yes,Arrived,05/16/2025
ZL25040201,Juan Mata,05/02/2025 11:09:38,AutoCAD yearly license,N/A,IT,Industrial Eng.,AutoDesk,AutoDesk,LT Annual Licence,,Approved,Replacement,1,6035,6035,7000.6,#REF!,#REF!,Liam / Kevin,05/05/2025,Yes,Arrived,07/16/2025
ZL25040202,Juan Mata,05/02/2025 11:09:38,"Adjustable 19"" Rack Tray",N/A,IT,TI IDF`s,"IKP
[IKP-287017]",Intellinet,"[714389]
1U, up to 45kg, Black",,Approved,New,1,2390,2390,2772.4,#REF!,#REF!,Liam / Kevin,05/05/2025,Yes,Arrived,06/01/2025
ZL25050501,Jonas Navarro,05/05/2025,Ruler spare parts,N/A,POC,Maintenance,"Monolith Electric (Changzhou) Co.,Ltd.",Monolith Electric,MIT-2033,,cancelled,New,5,N/A,N/A,N/A,10,50,Liam / Kevin,05/05/2025,Yes,Cancelled,
ZL25051401,Jesus Muro,05/14/2025,Fluke 985 Air Particle Counter,30170,ATO,Service,Micropresicion,Fluke,Fluke 985,,Approved,Service,1,#REF!,12677.776644,14706.22090704,650,754,Liam / Kevin,05/21/2025,Yes,Arrived,08/22/2025
ZL25052101,Cesar Gutierrez,05/21/2025,"Rocket Sealed Air Equipment
May & June",N/A,POC,Packaging,Empaques Empil Ilimitados,N/A,N/A,N/A,Approved,Service,2,3000,6000,6960,#REF!,#REF!,Liam / Kevin,05/22/2025,Yes,Arrived,05/22/2025
ZL25060301,Jonas Navarro,06/03/2025,Digital 6 digit counter,N/A,Cable Cutting,Maintenance,Radio Surtidora,EMKO,EZM-4930,,Approved,Replacement,2,1995.9,3991.8,4630.488,#REF!,#REF!,Liam / Kevin,06/05/2025,Yes,Done,15/08/2025
ZL25053001,Jonas Navarro,05/30/2025,Microfiber sweeper,N/A,ATO,ATO,ULINE,ULINE,-,-,Approved,New,1,1452,1452,1684.32,#REF!,#REF!,Liam / Kevin,06/04/2025,Yes,Arrived,07/01/2025
ZL25053002,Jonas Navarro,05/30/2025,Cleaning Cart,N/A,ATO,ATO,ULINE,ULINE,-,-,Approved,New,1,8140,8140,9442.4,#REF!,#REF!,Liam / Kevin,06/04/2025,Yes,Arrived,07/01/2025
ZL25060302,Jonas Navarro,06/03/2025,Shipping and Handling,N/A,Cable Cutting,Maintenance,Radio Surtidora,EMKO,-,,Approved,Service,1,270,270,313.2,#REF!,#REF!,Liam / Kevin,06/04/2025,Yes,Arrived,07/01/2025
ZL25060601,Jonas Navarro,06/06/2025,TSC MX640P Printer Head,N/A,PE,Maintenance,Grupo Etytec,TSC,MX640P,,Approved,Service,1,20646.32,20646.32,23949.7312,#REF!,#REF!,Liam / Kevin,06/04/2025,Yes,Arrived,07/01/2025
ZL25061001,Jonas Navarro,06/10/2025,Ruler spare parts,N/A,POC,Maintenance,"Monolith Electric (Changzhou) Co.,Ltd.",Monolith Electric,MIT-2033,,Approved,New,5,N/A,N/A,N/A,43.1034482758621,50,Liam / Kevin,06/10/2025,Yes,Arrived,07/01/2025
ZL25061002,Jonas Navarro,06/10/2025,Shipping and Handling,N/A,POC,Maintenance,"Monolith Electric (Changzhou) Co.,Ltd.",,,,Approved,New,1,N/A,N/A,N/A,38.7931034482759,45,Liam / Kevin,06/10/2025,Yes,Arrived,07/01/2025
ZL25061201,Jonas Navarro,06/12/2025,Cable cutting corrective maintenance,N/A,Cable Cutting,Corrective Maintenance,MAKINE,-,-,-,Approved,Service,1,pending,3230,3746.8,#REF!,#REF!,Liam / Kevin,06/12/2025,Yes,Arrived,07/01/2025
ZL25070701,Jesus Muro,07/07/2025,Vernier,DT3968,Calibration,All areas,Micropresicion,MITUTOYO,"CD-8""ASX",-,Approved,Service,1,pending,3230,3746.8,25,29,Liam / Kevin,07/07/2025,Yes,Arrived,09/11/2025
ZL25070702,Jesus Muro,07/07/2025,Standar Weigth,DU7310,Calibration,Measurement,Microprecision,REMEX,CLASS M2,,Approved,Service,1,751.796172,751.796172,872.083559519999,40,46.4,Liam / Kevin,07/07/2025,Yes,Arrived,09/11/2025
ZL25070703,Jesus Muro,07/07/2025,Standar Weigth,DU7311,Calibration,Measurement,Microprecision,REMEX,CLASS M2,,Approved,Service,1,751.796172,751.796172,872.083559519999,40,46.4,Liam / Kevin,07/07/2025,Yes,Arrived,09/11/2025
ZL25070704,Jesus Muro,07/07/2025,Standar Weigth,DU7312,Calibration,Measurement,Microprecision,REMEX,CLASS M2,,Approved,Service,1,751.796172,751.796172,872.083559519999,40,46.4,Liam / Kevin,07/07/2025,Yes,Arrived,09/11/2025
ZL25070705,Jesus Muro,07/07/2025,Standar Weigth,DU7313,Calibration,Measurement,Microprecision,REMEX,CLASS M2,,Approved,Service,1,751.796172,751.796172,872.083559519999,40,46.4,Liam / Kevin,07/07/2025,Yes,Arrived,09/11/2025
ZL25070706,Jesus Muro,07/07/2025,Standar Weigth,DU7314,Calibration,Measurement,Microprecision,REMEX,CLASS M2,,Approved,Service,1,751.796172,751.796172,872.083559519999,40,46.4,Liam / Kevin,07/07/2025,Yes,Arrived,09/11/2025
ZL25070707,Jesus Muro,07/07/2025,Standar Weigth,DU7315,Calibration,Measurement,Microprecision,REMEX,CLASS M2,,Approved,Service,1,751.796172,751.796172,872.083559519999,40,46.4,Liam / Kevin,07/07/2025,Yes,Arrived,09/11/2025
ZL25070708,Jesus Muro,07/07/2025,Standar Weigth,DU7316,Calibration,Measurement,Microprecision,REMEX,CLASS M2,,Approved,Service,1,751.796172,751.796172,872.083559519999,40,46.4,Liam / Kevin,07/07/2025,Yes,Arrived,09/11/2025
ZL25070709,Jesus Muro,07/07/2025,Scale,EG3412,Calibration,Measurement,Microprecision,Ohaus,Defender T32XW,,Approved,Service,1,3477.0572955,3477.0572955,4033.38646278,185,214.6,Liam / Kevin,07/07/2025,Yes,Arrived,08/07/2025
ZL25070710,Jesus Muro,07/07/2025,Sensor H & T ,new,Calibration,Measurement,Microprecision,ASAIR,AM2315C,,Approved,Service,1,1597.5668655,1597.5668655,1853.17756398,85,98.6,Liam / Kevin,07/07/2025,Yes,Arrived,08/07/2025
ZL25070711,Jesus Muro,07/07/2025,Sensor H & T ,new,Calibration,Measurement,Microprecision,ASAIR,AM2315C,,Approved,Service,1,1597.5668655,1597.5668655,1853.17756398,85,98.6,Liam / Kevin,07/07/2025,Yes,Arrived,08/07/2025
ZL25070712,Jesus Muro,07/07/2025,Sensor H & T ,new,Calibration,Measurement,Microprecision,ASAIR,AM2315C,,Approved,Service,1,1597.5668655,1597.5668655,1853.17756398,85,98.6,Liam / Kevin,07/07/2025,Yes,Arrived,08/07/2025
ZL25070713,Jesus Muro,07/07/2025,Sensor H & T ,new,Calibration,Measurement,Microprecision,ASAIR,AM2315C,,Approved,Service,1,1597.5668655,1597.5668655,1853.17756398,85,98.6,Liam / Kevin,07/07/2025,Yes,Arrived,08/07/2025
ZL25070714,Jesus Muro,07/07/2025,Sensor H & T ,new,Calibration,Measurement,Microprecision,ASAIR,AM2315C,,Approved,Service,1,1597.5668655,1597.5668655,1853.17756398,85,98.6,Liam / Kevin,07/07/2025,Yes,Arrived,08/07/2025
ZL25070715,Jesus Muro,07/07/2025,Sensor H & T ,new,Calibration,Measurement,Microprecision,ASAIR,AM2315C,,Approved,Service,1,1597.5668655,1597.5668655,1853.17756398,85,98.6,Liam / Kevin,07/07/2025,Yes,Arrived,08/07/2025
ZL25071101,Juan Mata,07/11/2025,Hub USB 3.0 ,N/A,Improve older laptops performance,Laptops Users,"INNTELCO
JES-XINYA25-011",UGREEN,"Macho - 3x USB 3.0, 1x RJ-45, 1x Micro USB 2.0, 625Mbit/s, Gris",,Approved,New,5,521.59,2607.95,3025.222,#REF!,#REF!,Liam / Kevin,07/11/2025,Yes,Arrived,07/25/2025
ZL25071102,Juan Mata,07/11/2025,Adaptador HDMI,N/A,Improve older laptops performance,Laptops Users,"INNTELCO
JES-XINYA25-011",Manhattan,"Macho - VGA Hembra, 22cm, Negro",,Approved,New,5,124.92,624.6,724.536,#REF!,#REF!,Liam / Kevin,07/11/2025,Yes,Arrived,07/25/2025
ZL25071103,Juan Mata,07/11/2025,SSD,N/A,Improve older laptops performance,Laptops Users,"INNTELCO
JES-XINYA25-011",Kingston,"A400, 960GB, SATA III, 2.5'', 7mm",,Approved,New,5,1079.32,5396.6,6260.056,#REF!,#REF!,Liam / Kevin,07/11/2025,Yes,Arrived,07/25/2025
ZL25071104,Juan Mata,07/11/2025,RAM,N/A,Improve older laptops performance,Laptops Users,"INNTELCO
JES-XINYA25-011",Kingston,"Memoria RAM Kingston FURY Impact DDR4, 3200MHz, 16GB, Non-ECC, CL20, SO-DIMM, XMP",,Approved,New,5,1227.86,6139.3,7121.588,#REF!,#REF!,Liam / Kevin,07/11/2025,Yes,Arrived,07/25/2025
ZL25071501,Jonas Navarro,07/15/2025,Maintenance Corner cutting machine,N/A,POC,Maintenance,MAKINE,-,-,,Approved,Service,1,14238,14238,16516.08,#REF!,#REF!,Liam / Kevin,07/15/2025,Yes,Arrived,09/01/2025
ZL25071801,Cesar Gutierrez,07/18/2025,Toner for laser printer,N/A,Production,Maintenance,IKP,Interkey,TN920XL,,Approved,Pcs,10,1920,19200,22272,#REF!,#REF!,Liam / Kevin,07/18/2025,Yes,Arrived,07/29/2026
ZL25071802,Cesar Gutierrez,07/18/2025,Original Unit drum for laser printer,N/A,Production,Maintenance,INNTELCO,Brother,DR920,,Approved,Pcs,5,2932.92,14664.6,17010.936,#REF!,#REF!,Liam / Kevin,07/18/2025,Yes,Arrived,07/28/2025
ZL25080401,Cesar Gutierrez,08/04/2025,"Rocket Sealed Air Equipment
July & August",N/A,POC,Packaging,Empaques Empil Ilimitados,N/A,N/A,N/A,Approved,Service,2,3000,6000,6960,#REF!,#REF!,Liam / Kevin,08/04/2025,Yes,Arrived,08/01/2025
ZL25080402,Cesar Gutierrez,08/04/2025,Cotton cleaner for ONT,N/A,ATO,ONT,OKNALB,N/A,hisopos co2,,Approved,Pcs,2,377,754,874.64,#REF!,#REF!,Liam / Kevin,08/04/2025,Yes,Arrived,08/20/2025
ZL25080403,Cesar Gutierrez,08/04/2025,Optical fiber cleaning kit,N/A,ATO,ONT,OKNALB,N/A,Generic,,Approved,Pcs,1,879,879,1019.64,#REF!,#REF!,Liam / Kevin,08/04/2025,Yes,Arrived,10/15/2025
ZL25080404,Jonas Navarro,08/04/2025,Aluminum Lifter maintenance,N/A,ATO,Maintenance,PSS,N/A,N/A,,Approved,Service,1,4675,4675,5423,#REF!,#REF!,Liam / Kevin,08/04/2025,Yes,Arrived,08/22/2025
ZL25081201,Jesus Muro,08/12/2025,Vernier,N/A,ATO,Calibration,Micropresicion,MITUTOYO,"CD-8""ASX",,Approved,Service,1,#REF!,#REF!,#REF!,25,29,Liam / Kevin,08/12/2025,Yes,Arrived,09/11/2025
ZL25081202,Jesus Muro,08/12/2025,Three-path diode power sensor,N/A,ATO,Calibration,Micropresicion,Rohde & Schwarz,NRPS8,,Approved,Service,1,#REF!,#REF!,#REF!,265,307.4,Liam / Kevin,08/12/2025,Yes,Arrived,
ZL25081203,Jesus Muro,08/12/2025,Electro-filedmeter,N/A,ATO,Calibration,Micropresicion,KLEINWACHETER,EFM 022,,Cancelled,Service,1,#REF!,#REF!,#REF!,145,168.2,Liam / Kevin,08/12/2025,,Arrived,
ZL25081801,Jonas Navarro,08/18/2025,"Grinder cutting discs 4 1/2""",A4-3310,ENGINEERING,Process,InKar,AUSTROMEX,N/A,,Approved,New,25,21.11,527.75,612.19,#REF!,#REF!,Liam / Kevin,08/19/2025,Yes,Arrived,11/10/2025
ZL25082001,Jesus Muro,08/20/2025,"Tapete Adhesivo Desechable,Az,24plAn,PQ4",N/A,ATO,Process,Grainger,N/A,N/A,,Approved,New,4,2254.5,9018,10460.88,479.332924201226,556.026192073422,Liam / Kevin,08/20/2025,Yes,Arrived,10/29/2025
ZL25090101,Juan Mata,09/01/2025,Hard Drive Disk for Server,N/A,Information back up,IT,IKP,Lenovo,"7XB7A00043 3.5"", 4TB, SAS, 7200RPM, 12 Gbit/s",,Approved,Replace,5,6285,31425,36453,1686.36819639983,1956.18710782381,Liam / Kevin,09/01/2025,Yes,Arrived,09/26/2025
ZL25090102,Juan Mata,09/01/2025,No Break UPS for IDF,N/A,IDF,IT,IKP,CYBERPOWER,OLS3000RT2UA,,Approved,Replace,1,19299,19299,22386.84,1035.64740882483,1201.35099423681,Liam / Kevin,09/01/2025,Yes,Arrived,09/10/2025
ZL25090201,Juan Mata,09/02/2025,No Break UPS for IDF,N/A,IDF,IT,IKP,CYBERPOWER,PR2200RT2U,,Approved,Replace,1,18430,18430,21378.8,989.014028946664,1147.25627357813,Liam / Kevin,09/19/2025,Yes,Arrived,09/26/2025
ZL25090901,Jonas Navarro,09/09/2025,Corrective Maintenance for Electric Stacker,N/A,POC,POC,NOBLEMAQ,NOBLELIFT,PSE10M,,Approved,Service,1,6412.25,6412.25,7438.21,#REF!,#REF!,Liam / Kevin,09/09/2025,Yes,Arrived,09/29/2025
ZL25091101,Jonas Navarro,09/09/2025,Corrective Maintenance UV Printer,N/A,ATO,ATO,IndigoColor,N/A,SINGMAKER,,Approved,Service,1,#REF!,#REF!,#REF!,144,167.04,Liam / Kevin,09/09/2025,Yes,Arrived,09/29/2025
ZL25091501,Cesar Gutierrez,09/15/2025,"Rocket Sealed Air Equipment
July & August",N/A,POC,Packaging,Empaques Empil Ilimitados,N/A,N/A,,Pending,Service,2,3000,6000,6960,318.917447905007,369.944239569809,Liam / Kevin,08/04/2025,Yes,Arrived,09/10/2025
ZL25091701,Jonas Navarro,09/17/2025,Hidraulic jack 5 TON,N/A,Cable Cutting,WH,InKar,MIKELS,N/A,,Approved,Replace,1,1294.84,1294.84,1502.0144,#REF!,#REF!,Kevin,09/17/2025,Yes,Arrived,10/01/2025
ZL25100201,Jonas Navarro,10/02/2025,12V Battery for aluminum lifer,N/A,ATO,ATO,PSS,N/A,N/A,,Approved,Maintenance,1,3500,3500,4060,#REF!,#REF!,Kevin,10/03/2025,Yes,Arrived,10/23/2025
ZL25100202,Jonas Navarro,10/02/2025,Cable Lifter Maintenance,N/A,POC,POC,PSS,N/A,N/A,,Approved,Maintenance,2,4675,9350,10846,#REF!,#REF!,Kevin,10/03/2025,Yes,Arrived,10/23/2025
ZL25100203,Jonas Navarro,10/02/2025,Turn Over Machine Maintenance,N/A,ATO,ATO,MAKINE,N/A,N/A,,Approved,Maintenance,1,38070,38070,44161.2,#REF!,#REF!,Kevin,10/03/2025,Yes,Arrived,10/25/2025
ZL25100204,Jonas Navarro,10/02/2025,Manual cable winder Maintenance,N/A,Cable Cutting,WH,MAKINE,N/A,N/A,,Approved,Maintenance,1,8130,8130,9430.8,#REF!,#REF!,Kevin,10/03/2025,Yes,Arrived,10/21/2025
ZL25100801,Jesus Muro,10/08/2025,"Uline Vinyl Anti-Static Message Tape - 3"" x 60'",N/A,ATO,ATO,Uline,N/A, S-18436,,Approved,New,1,484,484,561.44,#REF!,#REF!,Kevin,10/08/2025,Yes,Arrived,11/10/2025
ZL25100802,Jesus Muro,10/08/2025,Shipping and Handling,N/A,ATO,ATO,Uline,N/A,N/A,,Approved,New,1,210.54,210.54,244.2264,#REF!,#REF!,Kevin,10/08/2025,Yes,Arrived,11/10/2025
ZL25101401,Jesus Muro,10/14/2025,Pallet Jack Scale,EV7782,All areas,All areas,Microprecision,Monolithlot,MTF2000,,Approved,Maintenance,1,5412.61,5412.61,6278.62,295,342.2,Kevin,10/14/2025,Yes,Arrived,11/24/2025
ZL25101402,Jesus Muro,10/14/2025,Pallet Jack Scale,EV7784,All areas,All areas,Microprecision,Monolithlot,MTF2000,,Approved,Maintenance,1,5412.61,5412.61,6278.62,295,342.2,Kevin,10/14/2025,Yes,Arrived,11/24/2025
ZL25101403,Jesus Muro,10/14/2025,Pallet Jack Scale,EV7785,All areas,All areas,Microprecision,Monolithlot,MTF2000,,Approved,Maintenance,1,5412.61,5412.61,6278.62,295,342.2,Kevin,10/14/2025,Yes,Arrived,11/24/2025
ZL25101404,Jesus Muro,10/14/2025,Pallet Jack Scale,EV7786,All areas,All areas,Microprecision,Monolithlot,MTF2000,,Approved,Maintenance,1,5412.61,5412.61,6278.62,295,342.2,Kevin,10/14/2025,Yes,Arrived,11/24/2025
ZL25101405,Jesus Muro,10/14/2025,Pallet Jack Scale,EV7787,All areas,All areas,Microprecision,Monolithlot,MTF2000,,Approved,Maintenance,1,5412.61,5412.61,6278.62,295,342.2,Kevin,10/14/2025,Yes,Arrived,11/24/2025
ZL25110301,Jesus Muro,11/03/2025,CABLE METER,30189,All areas,All areas,Microprecision,EMKO,EZM-4931,,Approved,Maintenance,1,#REF!,#REF!,#REF!,165,191.4,Kevin,03/11/2025,Yes,Arrived,11/24/2025
ZL25110302,Jesus Muro,11/03/2025,CABLE METER,DH5928,All areas,All areas,Microprecision,EMKO,EZM-4931,,Approved,Maintenance,1,#REF!,#REF!,#REF!,165,191.4,Kevin,03/11/2025,Yes,Arrived,11/24/2025
ZL25110303,Jesus Muro,11/03/2025,SCALE,DP7251,All areas,All areas,Microprecision,INTERTEK,IT3,,Approved,Maintenance,1,#REF!,#REF!,#REF!,295,342.2,Kevin,03/11/2025,Yes,Arrived,11/24/2025
ZL25110304,Jesus Muro,11/03/2025,SCALE,DP7252,All areas,All areas,Microprecision,ETI,IT3,,Approved,Maintenance,1,#REF!,#REF!,#REF!,295,342.2,Kevin,03/11/2025,Yes,Arrived,11/24/2025
ZL25110305,Jesus Muro,11/03/2025,CABLE METER,DT1348,All areas,All areas,Microprecision,COPOSE,N/A,,Approved,Maintenance,1,#REF!,#REF!,#REF!,165,191.4,Kevin,03/11/2025,Yes,Arrived,11/24/2025
ZL25110306,Jesus Muro,11/03/2025,SCALE,EG3410,All areas,All areas,Microprecision,MONOLITHLOT,DWS6080,,Approved,Maintenance,1,#REF!,#REF!,#REF!,185,214.6,Kevin,03/11/2025,Yes,Arrived,11/24/2025
ZL25110307,Jesus Muro,11/03/2025,SCALE,EG3411,All areas,All areas,Microprecision,MONOLITHLOT,DWS6080,,Approved,Maintenance,1,#REF!,#REF!,#REF!,185,214.6,Kevin,03/11/2025,Yes,Arrived,11/24/2025
ZL25110308,Jesus Muro,11/03/2025,SCALE,DP7252B,All areas,All areas,Microprecision,ETI,IT3,,Approved,Maintenance,1,#REF!,#REF!,#REF!,295,342.2,Kevin,03/11/2025,Yes,Arrived,11/24/2025
ZL25110309,Jesus Muro,11/03/2025,GROUND BOND TESTER,18610,All areas,All areas,Microprecision,QUADTECH,G1050,,Approved,Maintenance,1,#REF!,#REF!,#REF!,285,330.6,Kevin,03/11/2025,Yes,In process,
ZL25110310,Jesus Muro,11/03/2025,Optical Power Meter,EV8003,All areas,All areas,Microprecision,LINKEDPRO BY EPCOM,DXP-50D,,Approved,Maintenance,1,#REF!,#REF!,#REF!,195,226.2,Kevin,03/11/2025,Yes,In process,
ZL25111301,Jonas Navarro,11/13/2025,Cable cutting maintenance,NA,Cable Cutting,WH,MACI,n/a,n/a,,Approved,Maintenance,1,29900,29900,34684,#REF!,#REF!,Kevin,11/14/2025,Yes,In process,
ZL25111302,Jonas Navarro,11/13/2025,Wifi flexometer,N/A,POC,Weight & sizes,"Monolith Electric (Changzhou) Co.,Ltd.",Monolith Electric,MIT-2033,,Approved,New,2,#REF!,#REF!,#REF!,591.38,1372.0016,Kevin,11/14/2025,Yes,In process,
ZL25111303,Jonas Navarro,11/13/2025,Ruler spare parts,N/A,POC,Maintenance,"Monolith Electric (Changzhou) Co.,Ltd.",Monolith Electric,MIT-2033,,Approved,New,15,#REF!,#REF!,#REF!,8.62,149.988,Kevin,11/14/2025,Yes,In process,
ZL25111304,Jonas Navarro,11/13/2025,Shipping cost by air,N/A,N/A,Maintenance,"Monolith Electric (Changzhou) Co.,Ltd.",Monolith Electric,MIT-2033,,Approved,New,1,#REF!,#REF!,#REF!,103.45,120.002,Kevin,11/14/2025,Yes,In process,
ZL25120101,Cesar Gutierrez,12/01/2025,Tape dispensser,H-165,POC,Replace,ULINE,ULINE,"4""",,Pending,New,4,814,3256,3776.96,,,,,,,
ZL25120102,Cesar Gutierrez,12/01/2025,Stretch Film Dispenser,H-1588,Shipping,Replace,ULINE,ULINE,"PAR, 3"" core",,Pending,New,3,374,1122,1301.52,,,,,,,
ZL25120103,Cesar Gutierrez,12/01/2025,Shipping cost for ZL25120101 & ZL25120102,N/A,N/A,N/A,ULINE,ULINE,N/A,,Pending,Service,1,223.74,223.74,259.5384,,,,,,,
ZL25120104,Cesar Gutierrez,12/01/2025,Cutter knife replacement,"U1-
REPCUTF8",All areas,All areas,Inkar,Surtek,"U1-
REPCUTF8",,Pending,New,10,21.6,216,250.56,,,,,,,
ZL25120105,Cesar Gutierrez,12/01/2025,Clutting pliers 9,U1-289G ,Warehouse,Cable cutting,Inkar,Urrea,U1-289G ,,Pending,New,5,412,2060,2389.6,,,,,,,
ZL25120106,Cesar Gutierrez,12/01/2025,Electric cutting pliers,U1-170M,ATO,Routing,Inkar,Urrea,U1-170M,,Pending,New,5,168,840,974.4,,,,,,,
